Workbook

Sheet Results
A1: Fold | B1: Classifier | C1: Set | D1: Balance | E1: N_train_samples | F1: N_train_bankrupt | G1: TP | H1: TN | I1: FP | J1: FN | K1: Accuracy | L1: Precision | M1: Recall | N1: F1 | O1: ROC_AUC | P1: Accuracy_formula | Q1: Precision_formula | R1: Recall_formula | S1: F1_formula | T1: Specificity_Metric1 | U1: MCC_Metric2
A2: 1 | B2: LDA | C2: train | D2: unbalanced | E2: 8037 | F2: 186 | G2: 16 | H2: 7755 | I2: 96 | J2: 170 | K2: 0.97 | L2: 0.14 | M2: 0.09 | N2: 0.11 | O2: 0.84 | P2: =IFERROR((G2+H2)/(G2+H2+I2+J2),0) | Q2: =IFERROR(G2/(G2+I2),0) | R2: =IFERROR(G2/(G2+J2),0) | S2: =IFERROR(2*Q2*R2/(Q2+R2),0) | T2: =IFERROR(H2/(H2+I2),0) | U2: =IFERROR((G2*H2-I2*J2)/SQRT((G2+I2)*(G2+J2)*(H2+I2)*(H2+J2)),0)
A3: 1 | B3: LDA | C3: test | D3: unbalanced | E3: 8037 | F3: 186 | G3: 1 | H3: 2589 | I3: 28 | J3: 61 | K3: 0.97 | L3: 0.03 | M3: 0.02 | N3: 0.02 | O3: 0.82 | P3: =IFERROR((G3+H3)/(G3+H3+I3+J3),0) | Q3: =IFERROR(G3/(G3+I3),0) | R3: =IFERROR(G3/(G3+J3),0) | S3: =IFERROR(2*Q3*R3/(Q3+R3),0) | T3: =IFERROR(H3/(H3+I3),0) | U3: =IFERROR((G3*H3-I3*J3)/SQRT((G3+I3)*(G3+J3)*(H3+I3)*(H3+J3)),0)
A4: 1 | B4: LogisticRegression | C4: train | D4: unbalanced | E4: 8037 | F4: 186 | G4: 1 | H4: 7851 | I4: 0 | J4: 185 | K4: 0.98 | L4: 1 | M4: 0.01 | N4: 0.01 | O4: 0.84 | P4: =IFERROR((G4+H4)/(G4+H4+I4+J4),0) | Q4: =IFERROR(G4/(G4+I4),0) | R4: =IFERROR(G4/(G4+J4),0) | S4: =IFERROR(2*Q4*R4/(Q4+R4),0) | T4: =IFERROR(H4/(H4+I4),0) | U4: =IFERROR((G4*H4-I4*J4)/SQRT((G4+I4)*(G4+J4)*(H4+I4)*(H4+J4)),0)
A5: 1 | B5: LogisticRegression | C5: test | D5: unbalanced | E5: 8037 | F5: 186 | G5: 0 | H5: 2615 | I5: 2 | J5: 62 | K5: 0.98 | L5: 0 | M5: 0 | N5: 0 | O5: 0.84 | P5: =IFERROR((G5+H5)/(G5+H5+I5+J5),0) | Q5: =IFERROR(G5/(G5+I5),0) | R5: =IFERROR(G5/(G5+J5),0) | S5: =IFERROR(2*Q5*R5/(Q5+R5),0) | T5: =IFERROR(H5/(H5+I5),0) | U5: =IFERROR((G5*H5-I5*J5)/SQRT((G5+I5)*(G5+J5)*(H5+I5)*(H5+J5)),0)
A6: 1 | B6: DecisionTree | C6: train | D6: unbalanced | E6: 8037 | F6: 186 | G6: 186 | H6: 7851 | I6: 0 | J6: 0 | K6: 1 | L6: 1 | M6: 1 | N6: 1 | O6: 1 | P6: =IFERROR((G6+H6)/(G6+H6+I6+J6),0) | Q6: =IFERROR(G6/(G6+I6),0) | R6: =IFERROR(G6/(G6+J6),0) | S6: =IFERROR(2*Q6*R6/(Q6+R6),0) | T6: =IFERROR(H6/(H6+I6),0) | U6: =IFERROR((G6*H6-I6*J6)/SQRT((G6+I6)*(G6+J6)*(H6+I6)*(H6+J6)),0)
A7: 1 | B7: DecisionTree | C7: test | D7: unbalanced | E7: 8037 | F7: 186 | G7: 4 | H7: 2562 | I7: 55 | J7: 58 | K7: 0.96 | L7: 0.07 | M7: 0.06 | N7: 0.07 | O7: 0.52 | P7: =IFERROR((G7+H7)/(G7+H7+I7+J7),0) | Q7: =IFERROR(G7/(G7+I7),0) | R7: =IFERROR(G7/(G7+J7),0) | S7: =IFERROR(2*Q7*R7/(Q7+R7),0) | T7: =IFERROR(H7/(H7+I7),0) | U7: =IFERROR((G7*H7-I7*J7)/SQRT((G7+I7)*(G7+J7)*(H7+I7)*(H7+J7)),0)
A8: 1 | B8: RandomForest | C8: train | D8: unbalanced | E8: 8037 | F8: 186 | G8: 186 | H8: 7851 | I8: 0 | J8: 0 | K8: 1 | L8: 1 | M8: 1 | N8: 1 | O8: 1 | P8: =IFERROR((G8+H8)/(G8+H8+I8+J8),0) | Q8: =IFERROR(G8/(G8+I8),0) | R8: =IFERROR(G8/(G8+J8),0) | S8: =IFERROR(2*Q8*R8/(Q8+R8),0) | T8: =IFERROR(H8/(H8+I8),0) | U8: =IFERROR((G8*H8-I8*J8)/SQRT((G8+I8)*(G8+J8)*(H8+I8)*(H8+J8)),0)
A9: 1 | B9: RandomForest | C9: test | D9: unbalanced | E9: 8037 | F9: 186 | G9: 1 | H9: 2616 | I9: 1 | J9: 61 | K9: 0.98 | L9: 0.5 | M9: 0.02 | N9: 0.03 | O9: 0.85 | P9: =IFERROR((G9+H9)/(G9+H9+I9+J9),0) | Q9: =IFERROR(G9/(G9+I9),0) | R9: =IFERROR(G9/(G9+J9),0) | S9: =IFERROR(2*Q9*R9/(Q9+R9),0) | T9: =IFERROR(H9/(H9+I9),0) | U9: =IFERROR((G9*H9-I9*J9)/SQRT((G9+I9)*(G9+J9)*(H9+I9)*(H9+J9)),0)
A10: 1 | B10: kNN | C10: train | D10: unbalanced | E10: 8037 | F10: 186 | G10: 12 | H10: 7847 | I10: 4 | J10: 174 | K10: 0.98 | L10: 0.75 | M10: 0.06 | N10: 0.12 | O10: 0.97 | P10: =IFERROR((G10+H10)/(G10+H10+I10+J10),0) | Q10: =IFERROR(G10/(G10+I10),0) | R10: =IFERROR(G10/(G10+J10),0) | S10: =IFERROR(2*Q10*R10/(Q10+R10),0) | T10: =IFERROR(H10/(H10+I10),0) | U10: =IFERROR((G10*H10-I10*J10)/SQRT((G10+I10)*(G10+J10)*(H10+I10)*(H10+J10)),0)
A11: 1 | B11: kNN | C11: test | D11: unbalanced | E11: 8037 | F11: 186 | G11: 2 | H11: 2613 | I11: 4 | J11: 60 | K11: 0.98 | L11: 0.33 | M11: 0.03 | N11: 0.06 | O11: 0.68 | P11: =IFERROR((G11+H11)/(G11+H11+I11+J11),0) | Q11: =IFERROR(G11/(G11+I11),0) | R11: =IFERROR(G11/(G11+J11),0) | S11: =IFERROR(2*Q11*R11/(Q11+R11),0) | T11: =IFERROR(H11/(H11+I11),0) | U11: =IFERROR((G11*H11-I11*J11)/SQRT((G11+I11)*(G11+J11)*(H11+I11)*(H11+J11)),0)
A12: 1 | B12: NaiveBayes | C12: train | D12: unbalanced | E12: 8037 | F12: 186 | G12: 43 | H12: 7418 | I12: 433 | J12: 143 | K12: 0.93 | L12: 0.09 | M12: 0.23 | N12: 0.13 | O12: 0.83 | P12: =IFERROR((G12+H12)/(G12+H12+I12+J12),0) | Q12: =IFERROR(G12/(G12+I12),0) | R12: =IFERROR(G12/(G12+J12),0) | S12: =IFERROR(2*Q12*R12/(Q12+R12),0) | T12: =IFERROR(H12/(H12+I12),0) | U12: =IFERROR((G12*H12-I12*J12)/SQRT((G12+I12)*(G12+J12)*(H12+I12)*(H12+J12)),0)
A13: 1 | B13: NaiveBayes | C13: test | D13: unbalanced | E13: 8037 | F13: 186 | G13: 12 | H13: 2495 | I13: 122 | J13: 50 | K13: 0.94 | L13: 0.09 | M13: 0.19 | N13: 0.12 | O13: 0.82 | P13: =IFERROR((G13+H13)/(G13+H13+I13+J13),0) | Q13: =IFERROR(G13/(G13+I13),0) | R13: =IFERROR(G13/(G13+J13),0) | S13: =IFERROR(2*Q13*R13/(Q13+R13),0) | T13: =IFERROR(H13/(H13+I13),0) | U13: =IFERROR((G13*H13-I13*J13)/SQRT((G13+I13)*(G13+J13)*(H13+I13)*(H13+J13)),0)
... A129: 4 | B129: GradientBoosting | C129: test | D129: balanced | E129: 744 | F129: 186 | G129: 32 | H129: 2415 | I129: 202 | J129: 30 | K129: 0.91 | L129: 0.14 | M129: 0.52 | N129: 0.22 | O129: 0.86 | P129: =IFERROR((G129+H129)/(G129+H129+I129+J129),0) | Q129: =IFERROR(G129/(G129+I129),0) | R129: =IFERROR(G129/(G129+J129),0) | S129: =IFERROR(2*Q129*R129/(Q129+R129),0) | T129: =IFERROR(H129/(H129+I129),0) | U129: =IFERROR((G129*H129-I129*J129)/SQRT((G129+I129)*(G129+J129)*(H129+I129)*(H129+J129)),0)

Sheet PivotSummary
A1: Average TEST-set metrics per classifier and balancing regime (across all 4 folds)
A3: Classifier | B3: Balance | C3: Avg_Accuracy | D3: Avg_Precision | E3: Avg_Recall | F3: Avg_F1 | G3: Avg_ROC_AUC
A4: DecisionTree | B4: unbalanced | C4: =AVERAGEIFS(Results!$K$2:$K$130, Results!$B$2:$B$130, $A4, Results!$D$2:$D$130, $B4, Results!$C$2:$C$130, "test") | D4: =AVERAGEIFS(Results!$L$2:$L$130, Results!$B$2:$B$130, $A4, Results!$D$2:$D$130, $B4, Results!$C$2:$C$130, "test") | E4: =AVERAGEIFS(Results!$M$2:$M$130, Results!$B$2:$B$130, $A4, Results!$D$2:$D$130, $B4, Results!$C$2:$C$130, "test") | F4: =AVERAGEIFS(Results!$N$2:$N$130, Results!$B$2:$B$130, $A4, Results!$D$2:$D$130, $B4, Results!$C$2:$C$130, "test") | G4: =AVERAGEIFS(Results!$O$2:$O$130, Results!$B$2:$B$130, $A4, Results!$D$2:$D$130, $B4, Results!$C$2:$C$130, "test")
A5: DecisionTree | B5: balanced | C5: =AVERAGEIFS(Results!$K$2:$K$130, Results!$B$2:$B$130, $A5, Results!$D$2:$D$130, $B5, Results!$C$2:$C$130, "test") | D5: =AVERAGEIFS(Results!$L$2:$L$130, Results!$B$2:$B$130, $A5, Results!$D$2:$D$130, $B5, Results!$C$2:$C$130, "test") | E5: =AVERAGEIFS(Results!$M$2:$M$130, Results!$B$2:$B$130, $A5, Results!$D$2:$D$130, $B5, Results!$C$2:$C$130, "test") | F5: =AVERAGEIFS(Results!$N$2:$N$130, Results!$B$2:$B$130, $A5, Results!$D$2:$D$130, $B5, Results!$C$2:$C$130, "test") | G5: =AVERAGEIFS(Results!$O$2:$O$130, Results!$B$2:$B$130, $A5, Results!$D$2:$D$130, $B5, Results!$C$2:$C$130, "test")
A6: GradientBoosting | B6: unbalanced | C6: =AVERAGEIFS(Results!$K$2:$K$130, Results!$B$2:$B$130, $A6, Results!$D$2:$D$130, $B6, Results!$C$2:$C$130, "test") | D6: =AVERAGEIFS(Results!$L$2:$L$130, Results!$B$2:$B$130, $A6, Results!$D$2:$D$130, $B6, Results!$C$2:$C$130, "test") | E6: =AVERAGEIFS(Results!$M$2:$M$130, Results!$B$2:$B$130, $A6, Results!$D$2:$D$130, $B6, Results!$C$2:$C$130, "test") | F6: =AVERAGEIFS(Results!$N$2:$N$130, Results!$B$2:$B$130, $A6, Results!$D$2:$D$130, $B6, Results!$C$2:$C$130, "test") | G6: =AVERAGEIFS(Results!$O$2:$O$130, Results!$B$2:$B$130, $A6, Results!$D$2:$D$130, $B6, Results!$C$2:$C$130, "test")
A7: GradientBoosting | B7: balanced | C7: =AVERAGEIFS(Results!$K$2:$K$130, Results!$B$2:$B$130, $A7, Results!$D$2:$D$130, $B7, Results!$C$2:$C$130, "test") | D7: =AVERAGEIFS(Results!$L$2:$L$130, Results!$B$2:$B$130, $A7, Results!$D$2:$D$130, $B7, Results!$C$2:$C$130, "test") | E7: =AVERAGEIFS(Results!$M$2:$M$130, Results!$B$2:$B$130, $A7, Results!$D$2:$D$130, $B7, Results!$C$2:$C$130, "test") | F7: =AVERAGEIFS(Results!$N$2:$N$130, Results!$B$2:$B$130, $A7, Results!$D$2:$D$130, $B7, Results!$C$2:$C$130, "test") | G7: =AVERAGEIFS(Results!$O$2:$O$130, Results!$B$2:$B$130, $A7, Results!$D$2:$D$130, $B7, Results!$C$2:$C$130, "test")
A8: LDA | B8: unbalanced | C8: =AVERAGEIFS(Results!$K$2:$K$130, Results!$B$2:$B$130, $A8, Results!$D$2:$D$130, $B8, Results!$C$2:$C$130, "test") | D8: =AVERAGEIFS(Results!$L$2:$L$130, Results!$B$2:$B$130, $A8, Results!$D$2:$D$130, $B8, Results!$C$2:$C$130, "test") | E8: =AVERAGEIFS(Results!$M$2:$M$130, Results!$B$2:$B$130, $A8, Results!$D$2:$D$130, $B8, Results!$C$2:$C$130, "test") | F8: =AVERAGEIFS(Results!$N$2:$N$130, Results!$B$2:$B$130, $A8, Results!$D$2:$D$130, $B8, Results!$C$2:$C$130, "test") | G8: =AVERAGEIFS(Results!$O$2:$O$130, Results!$B$2:$B$130, $A8, Results!$D$2:$D$130, $B8, Results!$C$2:$C$130, "test")
A9: LDA | B9: balanced | C9: =AVERAGEIFS(Results!$K$2:$K$130, Results!$B$2:$B$130, $A9, Results!$D$2:$D$130, $B9, Results!$C$2:$C$130, "test") | D9: =AVERAGEIFS(Results!$L$2:$L$130, Results!$B$2:$B$130, $A9, Results!$D$2:$D$130, $B9, Results!$C$2:$C$130, "test") | E9: =AVERAGEIFS(Results!$M$2:$M$130, Results!$B$2:$B$130, $A9, Results!$D$2:$D$130, $B9, Results!$C$2:$C$130, "test") | F9: =AVERAGEIFS(Results!$N$2:$N$130, Results!$B$2:$B$130, $A9, Results!$D$2:$D$130, $B9, Results!$C$2:$C$130, "test") | G9: =AVERAGEIFS(Results!$O$2:$O$130, Results!$B$2:$B$130, $A9, Results!$D$2:$D$130, $B9, Results!$C$2:$C$130, "test")
A10: LogisticRegression | B10: unbalanced | C10: =AVERAGEIFS(Results!$K$2:$K$130, Results!$B$2:$B$130, $A10, Results!$D$2:$D$130, $B10, Results!$C$2:$C$130, "test") | D10: =AVERAGEIFS(Results!$L$2:$L$130, Results!$B$2:$B$130, $A10, Results!$D$2:$D$130, $B10, Results!$C$2:$C$130, "test") | E10: =AVERAGEIFS(Results!$M$2:$M$130, Results!$B$2:$B$130, $A10, Results!$D$2:$D$130, $B10, Results!$C$2:$C$130, "test") | F10: =AVERAGEIFS(Results!$N$2:$N$130, Results!$B$2:$B$130, $A10, Results!$D$2:$D$130, $B10, Results!$C$2:$C$130, "test") | G10: =AVERAGEIFS(Results!$O$2:$O$130, Results!$B$2:$B$130, $A10, Results!$D$2:$D$130, $B10, Results!$C$2:$C$130, "test")
A11: LogisticRegression | B11: balanced | C11: =AVERAGEIFS(Results!$K$2:$K$130, Results!$B$2:$B$130, $A11, Results!$D$2:$D$130, $B11, Results!$C$2:$C$130, "test") | D11: =AVERAGEIFS(Results!$L$2:$L$130, Results!$B$2:$B$130, $A11, Results!$D$2:$D$130, $B11, Results!$C$2:$C$130, "test") | E11: =AVERAGEIFS(Results!$M$2:$M$130, Results!$B$2:$B$130, $A11, Results!$D$2:$D$130, $B11, Results!$C$2:$C$130, "test") | F11: =AVERAGEIFS(Results!$N$2:$N$130, Results!$B$2:$B$130, $A11, Results!$D$2:$D$130, $B11, Results!$C$2:$C$130, "test") | G11: =AVERAGEIFS(Results!$O$2:$O$130, Results!$B$2:$B$130, $A11, Results!$D$2:$D$130, $B11, Results!$C$2:$C$130, "test")
A12: NaiveBayes | B12: unbalanced | C12: =AVERAGEIFS(Results!$K$2:$K$130, Results!$B$2:$B$130, $A12, Results!$D$2:$D$130, $B12, Results!$C$2:$C$130, "test") | D12: =AVERAGEIFS(Results!$L$2:$L$130, Results!$B$2:$B$130, $A12, Results!$D$2:$D$130, $B12, Results!$C$2:$C$130, "test") | E12: =AVERAGEIFS(Results!$M$2:$M$130, Results!$B$2:$B$130, $A12, Results!$D$2:$D$130, $B12, Results!$C$2:$C$130, "test") | F12: =AVERAGEIFS(Results!$N$2:$N$130, Results!$B$2:$B$130, $A12, Results!$D$2:$D$130, $B12, Results!$C$2:$C$130, "test") | G12: =AVERAGEIFS(Results!$O$2:$O$130, Results!$B$2:$B$130, $A12, Results!$D$2:$D$130, $B12, Results!$C$2:$C$130, "test")
A13: NaiveBayes | B13: balanced | C13: =AVERAGEIFS(Results!$K$2:$K$130, Results!$B$2:$B$130, $A13, Results!$D$2:$D$130, $B13, Results!$C$2:$C$130, "test") | D13: =AVERAGEIFS(Results!$L$2:$L$130, Results!$B$2:$B$130, $A13, Results!$D$2:$D$130, $B13, Results!$C$2:$C$130, "test") | E13: =AVERAGEIFS(Results!$M$2:$M$130, Results!$B$2:$B$130, $A13, Results!$D$2:$D$130, $B13, Results!$C$2:$C$130, "test") | F13: =AVERAGEIFS(Results!$N$2:$N$130, Results!$B$2:$B$130, $A13, Results!$D$2:$D$130, $B13, Results!$C$2:$C$130, "test") | G13: =AVERAGEIFS(Results!$O$2:$O$130, Results!$B$2:$B$130, $A13, Results!$D$2:$D$130, $B13, Results!$C$2:$C$130, "test")
A14: RandomForest | B14: unbalanced | C14: =AVERAGEIFS(Results!$K$2:$K$130, Results!$B$2:$B$130, $A14, Results!$D$2:$D$130, $B14, Results!$C$2:$C$130, "test") | D14: =AVERAGEIFS(Results!$L$2:$L$130, Results!$B$2:$B$130, $A14, Results!$D$2:$D$130, $B14, Results!$C$2:$C$130, "test") | E14: =AVERAGEIFS(Results!$M$2:$M$130, Results!$B$2:$B$130, $A14, Results!$D$2:$D$130, $B14, Results!$C$2:$C$130, "test") | F14: =AVERAGEIFS(Results!$N$2:$N$130, Results!$B$2:$B$130, $A14, Results!$D$2:$D$130, $B14, Results!$C$2:$C$130, "test") | G14: =AVERAGEIFS(Results!$O$2:$O$130, Results!$B$2:$B$130, $A14, Results!$D$2:$D$130, $B14, Results!$C$2:$C$130, "test")
A15: RandomForest | B15: balanced | C15: =AVERAGEIFS(Results!$K$2:$K$130, Results!$B$2:$B$130, $A15, Results!$D$2:$D$130, $B15, Results!$C$2:$C$130, "test") | D15: =AVERAGEIFS(Results!$L$2:$L$130, Results!$B$2:$B$130, $A15, Results!$D$2:$D$130, $B15, Results!$C$2:$C$130, "test") | E15: =AVERAGEIFS(Results!$M$2:$M$130, Results!$B$2:$B$130, $A15, Results!$D$2:$D$130, $B15, Results!$C$2:$C$130, "test") | F15: =AVERAGEIFS(Results!$N$2:$N$130, Results!$B$2:$B$130, $A15, Results!$D$2:$D$130, $B15, Results!$C$2:$C$130, "test") | G15: =AVERAGEIFS(Results!$O$2:$O$130, Results!$B$2:$B$130, $A15, Results!$D$2:$D$130, $B15, Results!$C$2:$C$130, "test")
... A19: kNN | B19: balanced | C19: =AVERAGEIFS(Results!$K$2:$K$130, Results!$B$2:$B$130, $A19, Results!$D$2:$D$130, $B19, Results!$C$2:$C$130, "test") | D19: =AVERAGEIFS(Results!$L$2:$L$130, Results!$B$2:$B$130, $A19, Results!$D$2:$D$130, $B19, Results!$C$2:$C$130, "test") | E19: =AVERAGEIFS(Results!$M$2:$M$130, Results!$B$2:$B$130, $A19, Results!$D$2:$D$130, $B19, Results!$C$2:$C$130, "test") | F19: =AVERAGEIFS(Results!$N$2:$N$130, Results!$B$2:$B$130, $A19, Results!$D$2:$D$130, $B19, Results!$C$2:$C$130, "test") | G19: =AVERAGEIFS(Results!$O$2:$O$130, Results!$B$2:$B$130, $A19, Results!$D$2:$D$130, $B19, Results!$C$2:$C$130, "test")
A50: Classifier | B50: unbalanced_F1 | C50: balanced_F1
A51: DecisionTree | B51: =AVERAGEIFS(Results!$N$2:$N$130, Results!$B$2:$B$130, $A51, Results!$D$2:$D$130, "unbalanced", Results!$C$2:$C$130, "test") | C51: =AVERAGEIFS(Results!$N$2:$N$130, Results!$B$2:$B$130, $A51, Results!$D$2:$D$130, "balanced", Results!$C$2:$C$130, "test")
A52: GradientBoosting | B52: =AVERAGEIFS(Results!$N$2:$N$130, Results!$B$2:$B$130, $A52, Results!$D$2:$D$130, "unbalanced", Results!$C$2:$C$130, "test") | C52: =AVERAGEIFS(Results!$N$2:$N$130, Results!$B$2:$B$130, $A52, Results!$D$2:$D$130, "balanced", Results!$C$2:$C$130, "test")
A53: LDA | B53: =AVERAGEIFS(Results!$N$2:$N$130, Results!$B$2:$B$130, $A53, Results!$D$2:$D$130, "unbalanced", Results!$C$2:$C$130, "test") | C53: =AVERAGEIFS(Results!$N$2:$N$130, Results!$B$2:$B$130, $A53, Results!$D$2:$D$130, "balanced", Results!$C$2:$C$130, "test")
A54: LogisticRegression | B54: =AVERAGEIFS(Results!$N$2:$N$130, Results!$B$2:$B$130, $A54, Results!$D$2:$D$130, "unbalanced", Results!$C$2:$C$130, "test") | C54: =AVERAGEIFS(Results!$N$2:$N$130, Results!$B$2:$B$130, $A54, Results!$D$2:$D$130, "balanced", Results!$C$2:$C$130, "test")
A55: NaiveBayes | B55: =AVERAGEIFS(Results!$N$2:$N$130, Results!$B$2:$B$130, $A55, Results!$D$2:$D$130, "unbalanced", Results!$C$2:$C$130, "test") | C55: =AVERAGEIFS(Results!$N$2:$N$130, Results!$B$2:$B$130, $A55, Results!$D$2:$D$130, "balanced", Results!$C$2:$C$130, "test")
A56: RandomForest | B56: =AVERAGEIFS(Results!$N$2:$N$130, Results!$B$2:$B$130, $A56, Results!$D$2:$D$130, "unbalanced", Results!$C$2:$C$130, "test") | C56: =AVERAGEIFS(Results!$N$2:$N$130, Results!$B$2:$B$130, $A56, Results!$D$2:$D$130, "balanced", Results!$C$2:$C$130, "test")
A57: SVM | B57: =AVERAGEIFS(Results!$N$2:$N$130, Results!$B$2:$B$130, $A57, Results!$D$2:$D$130, "unbalanced", Results!$C$2:$C$130, "test") | C57: =AVERAGEIFS(Results!$N$2:$N$130, Results!$B$2:$B$130, $A57, Results!$D$2:$D$130, "balanced", Results!$C$2:$C$130, "test")
A58: kNN | B58: =AVERAGEIFS(Results!$N$2:$N$130, Results!$B$2:$B$130, $A58, Results!$D$2:$D$130, "unbalanced", Results!$C$2:$C$130, "test") | C58: =AVERAGEIFS(Results!$N$2:$N$130, Results!$B$2:$B$130, $A58, Results!$D$2:$D$130, "balanced", Results!$C$2:$C$130, "test")
